Title,Year,IMDb ID
Inception,2010,N/A
Inception: The Cobol Job,2010,N/A
Bikini Inception,2015,N/A
Inception,2014,N/A
Inception: Jump Right Into the Action,2010,N/A
The Crack: Inception,2019,N/A
Inception,N/A,N/A
Inception 2 - Deception - The Ken Davis Documentary,N/A,N/A
The Inception,2016,N/A
Inception: 4Movie Premiere Special,2010,N/A
WWA: The Inception,2001,N/A
Ateez: Inception,2020,N/A
X - Inception,2021,N/A
Evo Inception,2023,N/A
Needle Drop Inception,2018,N/A
Inception of Chaos,2012,N/A
Tu Tengo: Victoria's Inception,2009,N/A
Inception: In 60 Seconds,2013,N/A
The Best Offer,2013,N/A
Inception (Sweded),2011,N/A
